INSERT INTO employee (id,name,age,gender) VALUES (332,'James',23,'male');
INSERT INTO employee (id,name,age,gender) VALUES (158,'Isabel',54,'female');
INSERT INTO employee (id,name,age,gender) VALUES (600,'Charlie',27,'male');
INSERT INTO employee (id,name,age,gender) VALUES (400,'Helen',28,'male');
INSERT INTO employee (id,name,age,gender) VALUES (8,'Isabel',20,'male');
INSERT INTO employee (id,name,age,gender) VALUES (68,'Dorothy',34,'female');
INSERT INTO employee (id,name,age,gender) VALUES (135,'Alfie',44,'female');
INSERT INTO employee (id,name,age,gender) VALUES (664,'Jacob',44,'female');
INSERT INTO employee (id,name,age,gender) VALUES (621,'Helen',39,'female');
INSERT INTO employee (id,name,age,gender) VALUES (891,'Jacob',46,'female');
INSERT INTO employee (id,name,age,gender) VALUES (156,'Helen',56,'male');
INSERT INTO employee (id,name,age,gender) VALUES (995,'James',53,'female');
INSERT INTO employee (id,name,age,gender) VALUES (156,'William',49,'male');
INSERT INTO employee (id,name,age,gender) VALUES (597,'William',32,'female');
INSERT INTO employee (id,name,age,gender) VALUES (274,'Jack',52,'female');
INSERT INTO employee (id,name,age,gender) VALUES (185,'Jack',56,'female');
INSERT INTO employee (id,name,age,gender) VALUES (444,'William',22,'female');
INSERT INTO employee (id,name,age,gender) VALUES (523,'Beatrice',26,'male');
INSERT INTO employee (id,name,age,gender) VALUES (479,'Josephine',45,'male');
INSERT INTO employee (id,name,age,gender) VALUES (235,'Harry',24,'male');
INSERT INTO asteroid (id,name,distance) VALUES (470,'Flora',16043);
INSERT INTO asteroid (id,name,distance) VALUES (381,'Iris',8918);
INSERT INTO asteroid (id,name,distance) VALUES (634,'Juno',18765);
INSERT INTO asteroid (id,name,distance) VALUES (609,'Juno',8659);
INSERT INTO asteroid (id,name,distance) VALUES (757,'Ceres',14163);
INSERT INTO asteroid (id,name,distance) VALUES (196,'Iris',4957);
INSERT INTO asteroid (id,name,distance) VALUES (860,'Astraea',13448);
INSERT INTO asteroid (id,name,distance) VALUES (161,'Metis',7583);
INSERT INTO asteroid (id,name,distance) VALUES (790,'Juno',15688);
INSERT INTO asteroid (id,name,distance) VALUES (514,'Ceres',9333);
INSERT INTO role (id,name,salary,can_operate_robot) VALUES (1,'operator',1000,TRUE);
INSERT INTO role (id,name,salary,can_operate_robot) VALUES (2,'manager',2500,FALSE);
INSERT INTO microreactor_type (id,name,cost,b2_h6_consumption_rate,b5_h12_consumption_rate,b10_h14_consumption_rate,b12_h12_consumption_rate) VALUES (674,'MK1',8005,2150,9532,11574,19574);
INSERT INTO microreactor_type (id,name,cost,b2_h6_consumption_rate,b5_h12_consumption_rate,b10_h14_consumption_rate,b12_h12_consumption_rate) VALUES (168,'MK2',7489,11156,4020,18543,19402);
INSERT INTO microreactor_type (id,name,cost,b2_h6_consumption_rate,b5_h12_consumption_rate,b10_h14_consumption_rate,b12_h12_consumption_rate) VALUES (408,'MK4',18566,10808,908,16292,5904);
INSERT INTO microreactor_type (id,name,cost,b2_h6_consumption_rate,b5_h12_consumption_rate,b10_h14_consumption_rate,b12_h12_consumption_rate) VALUES (788,'MK1',2374,15720,6956,17175,16599);
INSERT INTO deposit (id,asteroid_id,bor_quantity) VALUES (618,609,426);
INSERT INTO deposit (id,asteroid_id,bor_quantity) VALUES (754,634,37);
INSERT INTO deposit (id,asteroid_id,bor_quantity) VALUES (42,161,640);
INSERT INTO deposit (id,asteroid_id,bor_quantity) VALUES (834,609,781);
INSERT INTO deposit (id,asteroid_id,bor_quantity) VALUES (882,381,89);
INSERT INTO deposit (id,asteroid_id,bor_quantity) VALUES (707,161,879);
INSERT INTO deposit (id,asteroid_id,bor_quantity) VALUES (14,757,768);
INSERT INTO deposit (id,asteroid_id,bor_quantity) VALUES (383,634,22);
INSERT INTO deposit (id,asteroid_id,bor_quantity) VALUES (613,790,345);
INSERT INTO deposit (id,asteroid_id,bor_quantity) VALUES (773,161,872);
INSERT INTO deposit (id,asteroid_id,bor_quantity) VALUES (71,161,488);
INSERT INTO deposit (id,asteroid_id,bor_quantity) VALUES (486,196,393);
INSERT INTO deposit (id,asteroid_id,bor_quantity) VALUES (594,860,329);
INSERT INTO deposit (id,asteroid_id,bor_quantity) VALUES (914,196,686);
INSERT INTO deposit (id,asteroid_id,bor_quantity) VALUES (634,514,776);
INSERT INTO deposit (id,asteroid_id,bor_quantity) VALUES (925,470,803);
INSERT INTO deposit (id,asteroid_id,bor_quantity) VALUES (385,609,702);
INSERT INTO deposit (id,asteroid_id,bor_quantity) VALUES (685,790,179);
INSERT INTO deposit (id,asteroid_id,bor_quantity) VALUES (85,161,358);
INSERT INTO deposit (id,asteroid_id,bor_quantity) VALUES (485,470,116);
INSERT INTO eyes_sensors (release_series,name,distance,cost) VALUES (70,'VASYAN',15733,468);
INSERT INTO eyes_sensors (release_series,name,distance,cost) VALUES (837,'VASYAN',17060,379);
INSERT INTO eyes_sensors (release_series,name,distance,cost) VALUES (764,'DIMON',16612,449);
INSERT INTO eyes_sensors (release_series,name,distance,cost) VALUES (84,'DIMON',11323,962);
INSERT INTO eyes_sensors (release_series,name,distance,cost) VALUES (918,'DIMON',5165,928);
INSERT INTO department (id,extracted_bor_quantity,current_resource) VALUES (500,19095,13281);
INSERT INTO department (id,extracted_bor_quantity,current_resource) VALUES (692,9116,3074);
INSERT INTO department (id,extracted_bor_quantity,current_resource) VALUES (853,18779,2057);
INSERT INTO department (id,extracted_bor_quantity,current_resource) VALUES (852,5849,16689);
INSERT INTO department (id,extracted_bor_quantity,current_resource) VALUES (430,14523,19898);
INSERT INTO post (id,employee_id,role_id,department_id,premium) VALUES (190,274,1,500,718);
INSERT INTO post (id,employee_id,role_id,department_id,premium) VALUES (781,274,1,430,820);
INSERT INTO post (id,employee_id,role_id,department_id,premium) VALUES (995,597,2,500,415);
INSERT INTO post (id,employee_id,role_id,department_id,premium) VALUES (134,185,2,500,686);
INSERT INTO post (id,employee_id,role_id,department_id,premium) VALUES (235,68,2,692,937);
INSERT INTO post (id,employee_id,role_id,department_id,premium) VALUES (671,995,2,852,90);
INSERT INTO post (id,employee_id,role_id,department_id,premium) VALUES (117,185,2,852,500);
INSERT INTO post (id,employee_id,role_id,department_id,premium) VALUES (349,235,1,500,676);
INSERT INTO post (id,employee_id,role_id,department_id,premium) VALUES (887,8,2,852,34);
INSERT INTO post (id,employee_id,role_id,department_id,premium) VALUES (327,156,1,692,918);
INSERT INTO post (id,employee_id,role_id,department_id,premium) VALUES (241,523,1,500,824);
INSERT INTO post (id,employee_id,role_id,department_id,premium) VALUES (19,400,1,852,865);
INSERT INTO post (id,employee_id,role_id,department_id,premium) VALUES (55,135,2,430,327);
INSERT INTO post (id,employee_id,role_id,department_id,premium) VALUES (862,332,2,692,505);
INSERT INTO post (id,employee_id,role_id,department_id,premium) VALUES (443,158,1,692,710);
INSERT INTO post (id,employee_id,role_id,department_id,premium) VALUES (822,891,2,500,966);
INSERT INTO post (id,employee_id,role_id,department_id,premium) VALUES (807,156,1,500,242);
INSERT INTO post (id,employee_id,role_id,department_id,premium) VALUES (868,156,2,692,477);
INSERT INTO post (id,employee_id,role_id,department_id,premium) VALUES (729,185,2,853,188);
INSERT INTO post (id,employee_id,role_id,department_id,premium) VALUES (70,479,1,500,95);
INSERT INTO task (id,description,state,creator_post_id,executor_post_id,cost) VALUES (292,'Ясность нашей позиции очевидна: новая модель организационной деятельности создаёт предпосылки для глубокомысленных рассуждений. Прежде всего, внедрение современных методик напрямую зависит от приоретизации разума над эмоциями. ','complete',241,117,361);
INSERT INTO task (id,description,state,creator_post_id,executor_post_id,cost) VALUES (991,'Следует отметить, что семантический разбор внешних противодействий однозначно определяет каждого участника как способного принимать собственные решения касаемо направлений прогрессивного развития!','need help',729,729,316);
INSERT INTO task (id,description,state,creator_post_id,executor_post_id,cost) VALUES (145,'Следует отметить, что семантический разбор внешних противодействий однозначно определяет каждого участника как способного принимать собственные решения касаемо направлений прогрессивного развития!','waiting for resolution',443,729,463);
INSERT INTO task (id,description,state,creator_post_id,executor_post_id,cost) VALUES (250,'Следует отметить, что семантический разбор внешних противодействий однозначно определяет каждого участника как способного принимать собственные решения касаемо направлений прогрессивного развития!','waiting for resolution',327,70,866);
INSERT INTO task (id,description,state,creator_post_id,executor_post_id,cost) VALUES (59,'Принимая во внимание показатели успешности, повышение уровня гражданского сознания не оставляет шанса для позиций, занимаемых участниками в отношении поставленных задач.','in work',349,995,172);
INSERT INTO task (id,description,state,creator_post_id,executor_post_id,cost) VALUES (83,'Ясность нашей позиции очевидна: новая модель организационной деятельности создаёт предпосылки для глубокомысленных рассуждений. Прежде всего, внедрение современных методик напрямую зависит от приоретизации разума над эмоциями. ','waiting for resolution',70,235,301);
INSERT INTO task (id,description,state,creator_post_id,executor_post_id,cost) VALUES (685,'Ясность нашей позиции очевидна: новая модель организационной деятельности создаёт предпосылки для глубокомысленных рассуждений. Прежде всего, внедрение современных методик напрямую зависит от приоретизации разума над эмоциями. ','waiting for resolution',822,887,420);
INSERT INTO task (id,description,state,creator_post_id,executor_post_id,cost) VALUES (688,'Следует отметить, что семантический разбор внешних противодействий однозначно определяет каждого участника как способного принимать собственные решения касаемо направлений прогрессивного развития!','waiting for resolution',134,349,486);
INSERT INTO task (id,description,state,creator_post_id,executor_post_id,cost) VALUES (421,'Ясность нашей позиции очевидна: новая модель организационной деятельности создаёт предпосылки для глубокомысленных рассуждений. Прежде всего, внедрение современных методик напрямую зависит от приоретизации разума над эмоциями. ','complete',822,70,877);
INSERT INTO task (id,description,state,creator_post_id,executor_post_id,cost) VALUES (520,'Принимая во внимание показатели успешности, повышение уровня гражданского сознания не оставляет шанса для позиций, занимаемых участниками в отношении поставленных задач.','in work',241,671,25);
INSERT INTO spaceship (id,department_id,income,b2_h6_quantity,b5_h12_quantity,b10_h14_quantity,b12_h12_quantity) VALUES (907,430,3244,18251,7520,15615,1319);
INSERT INTO spaceship (id,department_id,income,b2_h6_quantity,b5_h12_quantity,b10_h14_quantity,b12_h12_quantity) VALUES (580,853,16293,2602,7525,2173,8610);
INSERT INTO spaceship (id,department_id,income,b2_h6_quantity,b5_h12_quantity,b10_h14_quantity,b12_h12_quantity) VALUES (170,853,10352,1812,902,9203,5658);
INSERT INTO spaceship (id,department_id,income,b2_h6_quantity,b5_h12_quantity,b10_h14_quantity,b12_h12_quantity) VALUES (755,853,8571,18821,468,6217,12754);
INSERT INTO spaceship (id,department_id,income,b2_h6_quantity,b5_h12_quantity,b10_h14_quantity,b12_h12_quantity) VALUES (246,852,15687,11404,5665,18915,9130);
INSERT INTO spaceship (id,department_id,income,b2_h6_quantity,b5_h12_quantity,b10_h14_quantity,b12_h12_quantity) VALUES (572,853,14323,3185,15051,2817,8957);
INSERT INTO spaceship (id,department_id,income,b2_h6_quantity,b5_h12_quantity,b10_h14_quantity,b12_h12_quantity) VALUES (683,692,16443,17519,17264,6281,1812);
INSERT INTO spaceship (id,department_id,income,b2_h6_quantity,b5_h12_quantity,b10_h14_quantity,b12_h12_quantity) VALUES (355,430,13303,1957,854,1384,3002);
INSERT INTO spaceship (id,department_id,income,b2_h6_quantity,b5_h12_quantity,b10_h14_quantity,b12_h12_quantity) VALUES (873,500,9318,8126,19476,3588,10975);
INSERT INTO spaceship (id,department_id,income,b2_h6_quantity,b5_h12_quantity,b10_h14_quantity,b12_h12_quantity) VALUES (516,692,9138,169,7646,18090,19147);
INSERT INTO spaceship (id,department_id,income,b2_h6_quantity,b5_h12_quantity,b10_h14_quantity,b12_h12_quantity) VALUES (61,692,15994,12951,5092,5976,8819);
INSERT INTO spaceship (id,department_id,income,b2_h6_quantity,b5_h12_quantity,b10_h14_quantity,b12_h12_quantity) VALUES (443,430,3876,14629,19031,6611,11398);
INSERT INTO spaceship (id,department_id,income,b2_h6_quantity,b5_h12_quantity,b10_h14_quantity,b12_h12_quantity) VALUES (899,692,17883,11337,13494,5133,13196);
INSERT INTO spaceship (id,department_id,income,b2_h6_quantity,b5_h12_quantity,b10_h14_quantity,b12_h12_quantity) VALUES (39,692,6643,17938,17670,9113,14677);
INSERT INTO spaceship (id,department_id,income,b2_h6_quantity,b5_h12_quantity,b10_h14_quantity,b12_h12_quantity) VALUES (265,852,17363,13387,12432,12463,18192);
INSERT INTO microreactor_in_spaceship (microreactor_type_id,spaceship_id,deploy_date) VALUES (408,61,'2021-02-12');
INSERT INTO microreactor_in_spaceship (microreactor_type_id,spaceship_id,deploy_date) VALUES (168,907,'2021-02-14');
INSERT INTO microreactor_in_spaceship (microreactor_type_id,spaceship_id,deploy_date) VALUES (408,907,'2005-05-27');
INSERT INTO microreactor_in_spaceship (microreactor_type_id,spaceship_id,deploy_date) VALUES (674,443,'2021-02-12');
INSERT INTO microreactor_in_spaceship (microreactor_type_id,spaceship_id,deploy_date) VALUES (408,572,'2002-12-22');
INSERT INTO microreactor_in_spaceship (microreactor_type_id,spaceship_id,deploy_date) VALUES (408,755,'2021-02-13');
INSERT INTO microreactor_in_spaceship (microreactor_type_id,spaceship_id,deploy_date) VALUES (788,265,'2005-05-27');
INSERT INTO microreactor_in_spaceship (microreactor_type_id,spaceship_id,deploy_date) VALUES (674,170,'2005-05-27');
INSERT INTO microreactor_in_spaceship (microreactor_type_id,spaceship_id,deploy_date) VALUES (674,443,'2015-12-16');
INSERT INTO microreactor_in_spaceship (microreactor_type_id,spaceship_id,deploy_date) VALUES (168,61,'2021-02-13');
INSERT INTO microreactor_in_spaceship (microreactor_type_id,spaceship_id,deploy_date) VALUES (408,683,'1981-12-19');
INSERT INTO microreactor_in_spaceship (microreactor_type_id,spaceship_id,deploy_date) VALUES (168,246,'2015-12-16');
INSERT INTO microreactor_in_spaceship (microreactor_type_id,spaceship_id,deploy_date) VALUES (408,246,'1990-04-28');
INSERT INTO microreactor_in_spaceship (microreactor_type_id,spaceship_id,deploy_date) VALUES (788,899,'2006-02-10');
INSERT INTO microreactor_in_spaceship (microreactor_type_id,spaceship_id,deploy_date) VALUES (168,683,'2021-02-12');
INSERT INTO microreactor_in_spaceship (microreactor_type_id,spaceship_id,deploy_date) VALUES (674,61,'2005-05-27');
INSERT INTO microreactor_in_spaceship (microreactor_type_id,spaceship_id,deploy_date) VALUES (788,61,'2015-12-16');
INSERT INTO microreactor_in_spaceship (microreactor_type_id,spaceship_id,deploy_date) VALUES (408,443,'2006-02-10');
INSERT INTO microreactor_in_spaceship (microreactor_type_id,spaceship_id,deploy_date) VALUES (674,61,'2002-12-22');
INSERT INTO microreactor_in_spaceship (microreactor_type_id,spaceship_id,deploy_date) VALUES (788,39,'2015-12-16');
INSERT INTO microreactor_in_spaceship (microreactor_type_id,spaceship_id,deploy_date) VALUES (788,39,'2021-02-13');
INSERT INTO microreactor_in_spaceship (microreactor_type_id,spaceship_id,deploy_date) VALUES (408,683,'2005-05-27');
INSERT INTO microreactor_in_spaceship (microreactor_type_id,spaceship_id,deploy_date) VALUES (674,899,'2015-12-16');
INSERT INTO microreactor_in_spaceship (microreactor_type_id,spaceship_id,deploy_date) VALUES (788,170,'2020-08-14');
INSERT INTO microreactor_in_spaceship (microreactor_type_id,spaceship_id,deploy_date) VALUES (788,246,'2021-02-14');
INSERT INTO microreactor_in_spaceship (microreactor_type_id,spaceship_id,deploy_date) VALUES (408,899,'2005-05-27');
INSERT INTO microreactor_in_spaceship (microreactor_type_id,spaceship_id,deploy_date) VALUES (674,39,'1990-04-28');
INSERT INTO microreactor_in_spaceship (microreactor_type_id,spaceship_id,deploy_date) VALUES (788,572,'1990-04-28');
INSERT INTO microreactor_in_spaceship (microreactor_type_id,spaceship_id,deploy_date) VALUES (788,265,'2015-12-16');
INSERT INTO microreactor_in_spaceship (microreactor_type_id,spaceship_id,deploy_date) VALUES (408,39,'2021-02-14');
INSERT INTO positronic_brain (release_series,name,speed,cost) VALUES (815,'LYNN',435,713);
INSERT INTO positronic_brain (release_series,name,speed,cost) VALUES (737,'ZF0014',121,650);
INSERT INTO positronic_brain (release_series,name,speed,cost) VALUES (45,'LYNN',105,366);
INSERT INTO positronic_brain (release_series,name,speed,cost) VALUES (560,'LYNN',329,309);
INSERT INTO positronic_brain (release_series,name,speed,cost) VALUES (185,'ZF0014',18,223);
INSERT INTO body (release_series,name,max_hit_points,cost) VALUES (222,'ROMAN',8310,944);
INSERT INTO body (release_series,name,max_hit_points,cost) VALUES (744,'ANTON',18441,682);
INSERT INTO body (release_series,name,max_hit_points,cost) VALUES (585,'ARTYOM',16465,225);
INSERT INTO body (release_series,name,max_hit_points,cost) VALUES (361,'ANTON',9394,659);
INSERT INTO body (release_series,name,max_hit_points,cost) VALUES (289,'ANTON',6805,365);
INSERT INTO robot (id,brain_series,operator_id,body_series,eye_series,hit_points,asteroid_id) VALUES (718,737,523,289,84,459,381);
INSERT INTO robot (id,brain_series,operator_id,body_series,eye_series,hit_points,asteroid_id) VALUES (102,45,274,222,918,8004,196);
INSERT INTO robot (id,brain_series,operator_id,body_series,eye_series,hit_points,asteroid_id) VALUES (135,185,185,744,84,16837,161);
INSERT INTO robot (id,brain_series,operator_id,body_series,eye_series,hit_points,asteroid_id) VALUES (350,815,274,361,70,16942,757);
INSERT INTO robot (id,brain_series,operator_id,body_series,eye_series,hit_points,asteroid_id) VALUES (117,815,664,361,70,15876,470);
INSERT INTO robot (id,brain_series,operator_id,body_series,eye_series,hit_points,asteroid_id) VALUES (572,560,156,744,918,10884,860);
INSERT INTO robot (id,brain_series,operator_id,body_series,eye_series,hit_points,asteroid_id) VALUES (131,185,664,289,918,2304,790);
INSERT INTO robot (id,brain_series,operator_id,body_series,eye_series,hit_points,asteroid_id) VALUES (936,45,68,361,918,8875,381);
INSERT INTO robot (id,brain_series,operator_id,body_series,eye_series,hit_points,asteroid_id) VALUES (473,185,68,361,918,3105,757);
INSERT INTO robot (id,brain_series,operator_id,body_series,eye_series,hit_points,asteroid_id) VALUES (356,815,156,585,70,10972,470);
INSERT INTO robot (id,brain_series,operator_id,body_series,eye_series,hit_points,asteroid_id) VALUES (330,45,597,585,764,12035,161);
INSERT INTO robot (id,brain_series,operator_id,body_series,eye_series,hit_points,asteroid_id) VALUES (132,45,600,585,84,18431,860);
INSERT INTO robot (id,brain_series,operator_id,body_series,eye_series,hit_points,asteroid_id) VALUES (925,45,156,289,84,10689,860);
INSERT INTO robot (id,brain_series,operator_id,body_series,eye_series,hit_points,asteroid_id) VALUES (560,185,523,289,918,19881,514);
INSERT INTO robot (id,brain_series,operator_id,body_series,eye_series,hit_points,asteroid_id) VALUES (737,815,68,222,837,4727,381);
INSERT INTO robot (id,brain_series,operator_id,body_series,eye_series,hit_points,asteroid_id) VALUES (275,185,479,222,84,7377,757);
INSERT INTO robot (id,brain_series,operator_id,body_series,eye_series,hit_points,asteroid_id) VALUES (911,185,891,289,918,15469,514);
INSERT INTO robot (id,brain_series,operator_id,body_series,eye_series,hit_points,asteroid_id) VALUES (209,560,158,744,764,18179,161);
INSERT INTO robot (id,brain_series,operator_id,body_series,eye_series,hit_points,asteroid_id) VALUES (411,45,523,289,837,1293,161);
INSERT INTO robot (id,brain_series,operator_id,body_series,eye_series,hit_points,asteroid_id) VALUES (729,737,600,289,837,6646,514);
INSERT INTO robot (id,brain_series,operator_id,body_series,eye_series,hit_points,asteroid_id) VALUES (788,45,156,744,764,2747,860);
INSERT INTO robot (id,brain_series,operator_id,body_series,eye_series,hit_points,asteroid_id) VALUES (42,815,156,289,837,17068,757);
INSERT INTO robot (id,brain_series,operator_id,body_series,eye_series,hit_points,asteroid_id) VALUES (934,45,995,289,918,6471,860);
INSERT INTO robot (id,brain_series,operator_id,body_series,eye_series,hit_points,asteroid_id) VALUES (793,45,274,222,918,10157,634);
INSERT INTO robot (id,brain_series,operator_id,body_series,eye_series,hit_points,asteroid_id) VALUES (368,560,235,744,84,19979,196);
INSERT INTO robot (id,brain_series,operator_id,body_series,eye_series,hit_points,asteroid_id) VALUES (610,560,274,289,918,8254,381);
INSERT INTO robot (id,brain_series,operator_id,body_series,eye_series,hit_points,asteroid_id) VALUES (593,185,891,222,764,1857,790);
INSERT INTO robot (id,brain_series,operator_id,body_series,eye_series,hit_points,asteroid_id) VALUES (308,815,444,585,70,2077,470);
INSERT INTO robot (id,brain_series,operator_id,body_series,eye_series,hit_points,asteroid_id) VALUES (515,560,995,585,70,3630,860);
INSERT INTO robot (id,brain_series,operator_id,body_series,eye_series,hit_points,asteroid_id) VALUES (1,560,891,585,70,9685,860);

